roc_auc,pr_auc,model
0.9833346336994947,0.7535057835536947,Logistic Regression
0.9935619232560012,0.8629911369635358,Random Forest
0.9868390302013652,0.8689458638493865,XGBoost (Optimized)
